{
  "SCAN_POSE": {
    "joints_rad": [
      -0.0937,
      -1.589512,
      -1.398178,
      -1.480151,
      1.575771,
      0.00012
    ],
    "joints_deg": [
      -5.37,
      -91.07,
      -80.11,
      -84.81,
      90.29,
      0.01
    ],
    "tcp_m_rad": [
      0.564878,
      -0.157992,
      0.201213,
      2.152263,
      1.979381,
      0.237215
    ]
  }
}
