{
  "SCAN_APPROACH_JOINTS": {
    "joints_rad": [
      -0.094671,
      -1.502198,
      -0.954787,
      -1.580273,
      1.577496,
      0.000132
    ],
    "joints_deg": [
      -5.42,
      -86.07,
      -54.71,
      -90.54,
      90.38,
      0.01
    ],
    "tcp_m_rad": [
      0.582947,
      -0.159903,
      0.498014,
      1.882415,
      1.720069,
      0.598975
    ]
  }
}