{
  "PLACE_POINT_CART": {
    "joints_rad": [
      2.07381,
      -1.760176,
      -1.400094,
      -1.485796,
      1.575735,
      0.000144
    ],
    "joints_deg": [
      118.82,
      -100.85,
      -80.22,
      -85.13,
      90.28,
      0.01
    ],
    "tcp_m_rad": [
      -0.182785,
      0.565214,
      0.109697,
      0.798319,
      -3.033674,
      -0.135877
    ]
  }
}